<?xml version="1.0" encoding="UTF-8"?>
<PayloadInfo version="3.0.116.0" md5="a56f774bba89964894f58a276830e52d"><BuildInfo>
    <Property name="Created">2010-03-04 18:43:41.323000</Property>
    <Property name="TargetName">aifsdk-win</Property>
    <Property name="ProcessorFamily">All</Property>
  </BuildInfo><InstallerProperties>
    <Property name="payloadType">SQLite</Property>
    <Property name="AdobeCode">{D5CC77BE-BC5B-424E-8E45-DF60AFF7BE9C}</Property>
    <Property name="ProductName">Adobe Pixel Bender Toolkit 2</Property>
    <Property name="ProductVersion">2.0</Property>
    <Property name="StartMenuProgramsSubFolder">Adobe</Property>
  </InstallerProperties><Languages languageIndependent="1"/><Satisfies>
    <ProductInfo>
		<Family>CoreTech</Family>
		<ProductName>Pixel Bender Toolkit</ProductName>
	<ProductVersion>2.0</ProductVersion>
    </ProductInfo>
  </Satisfies><AddRemoveInfo>
    <IconFile>[AdobeProgramFiles]\Adobe Utilities - CS5\Pixel Bender Toolkit 2\pb_pkg.ico</IconFile>
    <DisplayVersion>
      <Value lang="sq_AL">2.0</Value>
      <Value lang="ar_AE">2.0</Value>
      <Value lang="be_BY">2.0</Value>
      <Value lang="bg_BG">2.0</Value>
      <Value lang="ca_ES">2.0</Value>
      <Value lang="zh_CN">2.0</Value>
      <Value lang="zh_TW">2.0</Value>
      <Value lang="hr_HR">2.0</Value>
      <Value lang="cs_CZ">2.0</Value>
      <Value lang="da_DK">2.0</Value>
      <Value lang="nl_NL">2.0</Value>
      <Value lang="en_XC">2.0</Value>
      <Value lang="en_XM">2.0</Value>
      <Value lang="en_GB">2.0</Value>
      <Value lang="en_US">2.0</Value>
      <Value lang="et_EE">2.0</Value>
      <Value lang="fi_FI">2.0</Value>
      <Value lang="fr_FR">2.0</Value>
      <Value lang="fr_XM">2.0</Value>
      <Value lang="de_DE">2.0</Value>
      <Value lang="el_GR">2.0</Value>
      <Value lang="he_IL">2.0</Value>
      <Value lang="hu_HU">2.0</Value>
      <Value lang="hi_IN">2.0</Value>
      <Value lang="is_IS">2.0</Value>
      <Value lang="it_IT">2.0</Value>
      <Value lang="ja_JP">2.0</Value>
      <Value lang="ko_KR">2.0</Value>
      <Value lang="lv_LV">2.0</Value>
      <Value lang="lt_LT">2.0</Value>
      <Value lang="mk_MK">2.0</Value>
      <Value lang="nn_NO">2.0</Value>
      <Value lang="no_NO">2.0</Value>
      <Value lang="nb_NO">2.0</Value>
      <Value lang="pl_PL">2.0</Value>
      <Value lang="pt_BR">2.0</Value>
      <Value lang="ro_RO">2.0</Value>
      <Value lang="ru_RU">2.0</Value>
      <Value lang="sh_YU">2.0</Value>
      <Value lang="sk_SK">2.0</Value>
      <Value lang="sl_SI">2.0</Value>
      <Value lang="es_QM">2.0</Value>
      <Value lang="es_ES">2.0</Value>
      <Value lang="sv_SE">2.0</Value>
      <Value lang="th_TH">2.0</Value>
      <Value lang="tr_TR">2.0</Value>
      <Value lang="uk_UA">2.0</Value>
      <Value lang="vi_VN">2.0</Value>
      <Value lang="fr_CA">2.0</Value>
      <Value lang="es_MX">2.0</Value>
    </DisplayVersion>
    <DisplayName>
      <Value lang="sq_AL">Adobe Pixel Bender Toolkit 2</Value>
      <Value lang="ar_AE">Adobe Pixel Bender Toolkit 2</Value>
      <Value lang="be_BY">Adobe Pixel Bender Toolkit 2</Value>
      <Value lang="bg_BG">Adobe Pixel Bender Toolkit 2</Value>
      <Value lang="ca_ES">Adobe Pixel Bender Toolkit 2</Value>
      <Value lang="zh_CN">Adobe Pixel Bender Toolkit 2</Value>
      <Value lang="zh_TW">Adobe Pixel Bender Toolkit 2</Value>
      <Value lang="hr_HR">Adobe Pixel Bender Toolkit 2</Value>
      <Value lang="cs_CZ">Adobe Pixel Bender Toolkit 2</Value>
      <Value lang="da_DK">Adobe Pixel Bender Toolkit 2</Value>
      <Value lang="nl_NL">Adobe Pixel Bender Toolkit 2</Value>
      <Value lang="en_XC">Adobe Pixel Bender Toolkit 2</Value>
      <Value lang="en_XM">Adobe Pixel Bender Toolkit 2</Value>
      <Value lang="en_GB">Adobe Pixel Bender Toolkit 2</Value>
      <Value lang="en_US">Adobe Pixel Bender Toolkit 2</Value>
      <Value lang="et_EE">Adobe Pixel Bender Toolkit 2</Value>
      <Value lang="fi_FI">Adobe Pixel Bender Toolkit 2</Value>
      <Value lang="fr_FR">Adobe Pixel Bender Toolkit 2</Value>
      <Value lang="fr_XM">Adobe Pixel Bender Toolkit 2</Value>
      <Value lang="de_DE">Adobe Pixel Bender Toolkit 2</Value>
      <Value lang="el_GR">Adobe Pixel Bender Toolkit 2</Value>
      <Value lang="he_IL">Adobe Pixel Bender Toolkit 2</Value>
      <Value lang="hu_HU">Adobe Pixel Bender Toolkit 2</Value>
      <Value lang="hi_IN">Adobe Pixel Bender Toolkit 2</Value>
      <Value lang="is_IS">Adobe Pixel Bender Toolkit 2</Value>
      <Value lang="it_IT">Adobe Pixel Bender Toolkit 2</Value>
      <Value lang="ja_JP">Adobe Pixel Bender Toolkit 2</Value>
      <Value lang="ko_KR">Adobe Pixel Bender Toolkit 2</Value>
      <Value lang="lv_LV">Adobe Pixel Bender Toolkit 2</Value>
      <Value lang="lt_LT">Adobe Pixel Bender Toolkit 2</Value>
      <Value lang="mk_MK">Adobe Pixel Bender Toolkit 2</Value>
      <Value lang="nn_NO">Adobe Pixel Bender Toolkit 2</Value>
      <Value lang="no_NO">Adobe Pixel Bender Toolkit 2</Value>
      <Value lang="nb_NO">Adobe Pixel Bender Toolkit 2</Value>
      <Value lang="pl_PL">Adobe Pixel Bender Toolkit 2</Value>
      <Value lang="pt_BR">Adobe Pixel Bender Toolkit 2</Value>
      <Value lang="ro_RO">Adobe Pixel Bender Toolkit 2</Value>
      <Value lang="ru_RU">Adobe Pixel Bender Toolkit 2</Value>
      <Value lang="sh_YU">Adobe Pixel Bender Toolkit 2</Value>
      <Value lang="sk_SK">Adobe Pixel Bender Toolkit 2</Value>
      <Value lang="sl_SI">Adobe Pixel Bender Toolkit 2</Value>
      <Value lang="es_QM">Adobe Pixel Bender Toolkit 2</Value>
      <Value lang="es_ES">Adobe Pixel Bender Toolkit 2</Value>
      <Value lang="sv_SE">Adobe Pixel Bender Toolkit 2</Value>
      <Value lang="th_TH">Adobe Pixel Bender Toolkit 2</Value>
      <Value lang="tr_TR">Adobe Pixel Bender Toolkit 2</Value>
      <Value lang="uk_UA">Adobe Pixel Bender Toolkit 2</Value>
      <Value lang="vi_VN">Adobe Pixel Bender Toolkit 2</Value>
      <Value lang="fr_CA">Adobe Pixel Bender Toolkit 2</Value>
      <Value lang="es_MX">Adobe Pixel Bender Toolkit 2</Value>
    </DisplayName>
  </AddRemoveInfo></PayloadInfo>